Reference,Value,MPN,Footprint,Datasheet,Assembly
C1,10µF,,Capacitor_SMD:C_0805_2012Metric,,Populate; verify ordering code
C10,10µF,,Capacitor_SMD:C_0805_2012Metric,,Populate; verify ordering code
C11,10µF,,Capacitor_SMD:C_0603_1608Metric,,Populate; verify ordering code
C12,0.1µF,,Capacitor_SMD:C_0402_1005Metric,,Populate; verify ordering code
C13,10µF,,Capacitor_SMD:C_0603_1608Metric,,Populate; verify ordering code
C14,22µF,GRM31CR61C226KE15L,Capacitor_SMD:C_1206_3216Metric,https://search.murata.co.jp/Ceramy/image/img/A01X/G101/ENG/GRM31CR61C226KE15-01A.pdf,Populate; verify ordering code
C15,22µF,GRM31CR61C226KE15L,Capacitor_SMD:C_1206_3216Metric,https://search.murata.co.jp/Ceramy/image/img/A01X/G101/ENG/GRM31CR61C226KE15-01A.pdf,Populate; verify ordering code
C16,22µF,GRM31CR61C226KE15L,Capacitor_SMD:C_1206_3216Metric,https://search.murata.co.jp/Ceramy/image/img/A01X/G101/ENG/GRM31CR61C226KE15-01A.pdf,Populate; verify ordering code
C17,22µF,,Capacitor_SMD:C_0805_2012Metric,,Populate; verify ordering code
C18,0.1µF,,Capacitor_SMD:C_0402_1005Metric,,Populate; verify ordering code
C19,1µF,,Capacitor_SMD:C_0402_1005Metric,,Populate; verify ordering code
C2,10µF,,Capacitor_SMD:C_0805_2012Metric,,Populate; verify ordering code
C20,0.1µF,,Capacitor_SMD:C_0402_1005Metric,,Populate; verify ordering code
C21,100µF,,Capacitor_SMD:C_1206_3216Metric,,Populate; verify ordering code
C22,0.1µF,,Capacitor_SMD:C_0402_1005Metric,,Populate; verify ordering code
C23,0.1µF,,Capacitor_SMD:C_0402_1005Metric,,Populate; verify ordering code
C24,0.1µF,,Capacitor_SMD:C_0402_1005Metric,,Populate; verify ordering code
C25,0.1µF,,Capacitor_SMD:C_0402_1005Metric,,Populate; verify ordering code
C26,100µF,,Capacitor_SMD:C_1206_3216Metric,,Populate; verify ordering code
C27,10µF,,Capacitor_SMD:C_0805_2012Metric,,Populate; verify ordering code
C28,0.1µF,,Capacitor_SMD:C_0402_1005Metric,,Populate; verify ordering code
C29,0.1µF,,Capacitor_SMD:C_0402_1005Metric,,Populate; verify ordering code
C3,10µF,,Capacitor_SMD:C_0603_1608Metric,,Populate; verify ordering code
C30,0.1µF,,Capacitor_SMD:C_0402_1005Metric,,Populate; verify ordering code
C31,1µF,,Capacitor_SMD:C_0603_1608Metric,,Populate; verify ordering code
C32,0.1µF,,Capacitor_SMD:C_0402_1005Metric,,Populate; verify ordering code
C33,0.1µF,,Capacitor_SMD:C_0402_1005Metric,,Populate; verify ordering code
C34,0.1uF,,Capacitor_SMD:C_0402_1005Metric,,Populate; verify ordering code
C4,0.1µF,,Capacitor_SMD:C_0402_1005Metric,,Populate; verify ordering code
C5,10µF,,Capacitor_SMD:C_0603_1608Metric,,Populate; verify ordering code
C6,22µF,GRM31CR61C226KE15L,Capacitor_SMD:C_1206_3216Metric,https://search.murata.co.jp/Ceramy/image/img/A01X/G101/ENG/GRM31CR61C226KE15-01A.pdf,Populate; verify ordering code
C7,22µF,GRM31CR61C226KE15L,Capacitor_SMD:C_1206_3216Metric,https://search.murata.co.jp/Ceramy/image/img/A01X/G101/ENG/GRM31CR61C226KE15-01A.pdf,Populate; verify ordering code
C8,22µF,GRM31CR61C226KE15L,Capacitor_SMD:C_1206_3216Metric,https://search.murata.co.jp/Ceramy/image/img/A01X/G101/ENG/GRM31CR61C226KE15-01A.pdf,Populate; verify ordering code
C9,10µF,,Capacitor_SMD:C_0805_2012Metric,,Populate; verify ordering code
D1,LED,,LED_SMD:LED_0603_1608Metric,,Populate; verify ordering code
J1,Conn_01x02_Pin,,Connector_JST:JST_PH_B2B-PH-SM4-TB_1x02-1MP_P2.00mm_Vertical,https://www.jst-mfg.com/product/pdf/eng/ePH.pdf,Populate; verify ordering code
J2,USB_C_Receptacle_USB2.0_16P,,Board:USB_C_HRO_Overhang,https://www.usb.org/sites/default/files/documents/usb_type-c.zip,Populate; verify ordering code
J3,Conn_01x02_Pin,,Board:JST_PH_Speaker_Overhang,https://www.jst-mfg.com/product/pdf/eng/ePH.pdf,Populate; verify ordering code
J4,Conn_01x04_Pin,,Connector_PinHeader_2.54mm:PinHeader_1x04_P2.54mm_Vertical,,Populate; verify ordering code
J5,BM07B-GHS-TBT,BM07B-GHS-TBT,Connector_JST:JST_GH_BM07B-GHS-TBT_1x07-1MP_P1.25mm_Vertical,https://www.jst-mfg.com/product/pdf/eng/eGH.pdf,Populate; verify ordering code
J6,BM06B-GHS-TBT,BM06B-GHS-TBT,Connector_JST:JST_GH_BM06B-GHS-TBT_1x06-1MP_P1.25mm_Vertical,https://www.jst-mfg.com/product/pdf/eng/eGH.pdf,Populate; verify ordering code
L1,1.5µH,XFL4020-152MEC,TPS63070:IND_XFL4020-152MEC,https://www.coilcraft.com/en-us/products/power/shielded-inductors/molded-inductor/xfl/xfl4020/xfl4020-152/,Populate; verify ordering code
L2,1.5µH,XFL4020-152MEC,TPS63070:IND_XFL4020-152MEC,https://www.coilcraft.com/en-us/products/power/shielded-inductors/molded-inductor/xfl/xfl4020/xfl4020-152/,Populate; verify ordering code
Q1,AO3401A,,Package_TO_SOT_SMD:SOT-23,https://www.aosmd.com/sites/default/files/res/datasheets/AO3401A.pdf,Populate; verify ordering code
Q2,AO3401A,,Package_TO_SOT_SMD:SOT-23,https://www.aosmd.com/sites/default/files/res/datasheets/AO3401A.pdf,Populate; verify ordering code
Q3,MMBT3904,,Package_TO_SOT_SMD:SOT-23,https://www.onsemi.com/pdf/datasheet/mmbt3904lt1-d.pdf,Populate; verify ordering code
Q4,MMBT3904,,Package_TO_SOT_SMD:SOT-23,https://www.onsemi.com/pdf/datasheet/mmbt3904lt1-d.pdf,Populate; verify ordering code
Q5,MMBT3904,,Package_TO_SOT_SMD:SOT-23,https://www.onsemi.com/pdf/datasheet/mmbt3904lt1-d.pdf,Populate; verify ordering code
Q6,AO3401A,,Package_TO_SOT_SMD:SOT-23,https://www.aosmd.com/sites/default/files/res/datasheets/AO3401A.pdf,Populate; verify ordering code
Q7,MMBT3904,,Package_TO_SOT_SMD:SOT-23,https://www.onsemi.com/pdf/datasheet/mmbt3904lt1-d.pdf,Populate; verify ordering code
R1,100kΩ,,Resistor_SMD:R_0402_1005Metric,,Populate; verify ordering code
R10,100kΩ,,Resistor_SMD:R_0402_1005Metric,,Populate; verify ordering code
R11,1kΩ,,Resistor_SMD:R_0402_1005Metric,,DNP
R12,10kΩ,,Resistor_SMD:R_0402_1005Metric,,Populate; verify ordering code
R13,10kΩ,,Resistor_SMD:R_0402_1005Metric,,Populate; verify ordering code
R14,5.1kΩ,,Resistor_SMD:R_0402_1005Metric,,Populate; verify ordering code
R15,5.1kΩ,,Resistor_SMD:R_0402_1005Metric,,Populate; verify ordering code
R16,4.7kΩ,,Resistor_SMD:R_0402_1005Metric,,Populate; verify ordering code
R17,4.7kΩ,,Resistor_SMD:R_0402_1005Metric,,Populate; verify ordering code
R18,10kΩ,,Resistor_SMD:R_0402_1005Metric,,Populate; verify ordering code
R19,100kΩ,,Resistor_SMD:R_0402_1005Metric,,Populate; verify ordering code
R20,100kΩ,,Resistor_SMD:R_0402_1005Metric,,Populate; verify ordering code
R21,100kΩ,,Resistor_SMD:R_0402_1005Metric,,Populate; verify ordering code
R22,10kΩ,,Resistor_SMD:R_0402_1005Metric,,Populate; verify ordering code
R23,100kΩ,,Resistor_SMD:R_0402_1005Metric,,Populate; verify ordering code
R24,10kΩ,,Resistor_SMD:R_0402_1005Metric,,Populate; verify ordering code
R25,10kΩ,,Resistor_SMD:R_0402_1005Metric,,Populate; verify ordering code
R26,10kΩ,,Resistor_SMD:R_0402_1005Metric,,Populate; verify ordering code
R27,10kΩ,,Resistor_SMD:R_0402_1005Metric,,Populate; verify ordering code
R28,330Ω,,Resistor_SMD:R_0402_1005Metric,,Populate; verify ordering code
R29,150Ω,,Resistor_SMD:R_0402_1005Metric,,Populate; verify ordering code
R3,10kΩ,,Resistor_SMD:R_0402_1005Metric,,Populate; verify ordering code
R30,150Ω,,Resistor_SMD:R_0402_1005Metric,,Populate; verify ordering code
R31,10kΩ,,Resistor_SMD:R_0402_1005Metric,,Populate; verify ordering code
R32,100kΩ,,Resistor_SMD:R_0402_1005Metric,,Populate; verify ordering code
R33,10kΩ,,Resistor_SMD:R_0402_1005Metric,,Populate; verify ordering code
R34,22Ω,,Resistor_SMD:R_0402_1005Metric,,Populate; verify ordering code
R35,22Ω,,Resistor_SMD:R_0402_1005Metric,,Populate; verify ordering code
R36,100kΩ,,Resistor_SMD:R_0402_1005Metric,,Populate; verify ordering code
R37,4.7kΩ,,Resistor_SMD:R_0402_1005Metric,,Populate; verify ordering code
R38,4.7kΩ,,Resistor_SMD:R_0402_1005Metric,,Populate; verify ordering code
R39,100kΩ,,Resistor_SMD:R_0402_1005Metric,,Populate; verify ordering code
R4,470kΩ,,Resistor_SMD:R_0402_1005Metric,,Populate; verify ordering code
R40,100k,,Resistor_SMD:R_0402_1005Metric,,Populate; verify ordering code
R41,1M,,Resistor_SMD:R_0402_1005Metric,,Populate; verify ordering code
R42,47k,,Resistor_SMD:R_0402_1005Metric,,Populate; verify ordering code
R43,10k,,Resistor_SMD:R_0402_1005Metric,,Populate; verify ordering code
R44,47k,,Resistor_SMD:R_0402_1005Metric,,Populate; verify ordering code
R45,100k,,Resistor_SMD:R_0402_1005Metric,,Populate; verify ordering code
R46,10k,,Resistor_SMD:R_0402_1005Metric,,Populate; verify ordering code
R47,100k,,Resistor_SMD:R_0402_1005Metric,,Populate; verify ordering code
R48,33k,RT0402BRD0733KL,Resistor_SMD:R_0402_1005Metric,,Populate; verify ordering code
R49,10k,RT0402BRD0710KL,Resistor_SMD:R_0402_1005Metric,,Populate; verify ordering code
R5,150kΩ,,Resistor_SMD:R_0402_1005Metric,,Populate; verify ordering code
R50,100Ω,RC0402FR-07100RL,Resistor_SMD:R_0402_1005Metric,https://www.yageo.com/upload/media/product/productsearch/datasheet/rchip/pyu-rc-group_51_rohs_l.pdf,Populate; verify ordering code
R51,100Ω,RC0402FR-07100RL,Resistor_SMD:R_0402_1005Metric,https://www.yageo.com/upload/media/product/productsearch/datasheet/rchip/pyu-rc-group_51_rohs_l.pdf,Populate; verify ordering code
R52,100Ω,RC0402FR-07100RL,Resistor_SMD:R_0402_1005Metric,https://www.yageo.com/upload/media/product/productsearch/datasheet/rchip/pyu-rc-group_51_rohs_l.pdf,Populate; verify ordering code
R53,100Ω,RC0402FR-07100RL,Resistor_SMD:R_0402_1005Metric,https://www.yageo.com/upload/media/product/productsearch/datasheet/rchip/pyu-rc-group_51_rohs_l.pdf,Populate; verify ordering code
R6,100kΩ,,Resistor_SMD:R_0402_1005Metric,,Populate; verify ordering code
R7,10kΩ,,Resistor_SMD:R_0402_1005Metric,,Populate; verify ordering code
R8,680kΩ,,Resistor_SMD:R_0402_1005Metric,,Populate; verify ordering code
R9,130kΩ,,Resistor_SMD:R_0402_1005Metric,,Populate; verify ordering code
SW2,RESET,,Button_Switch_SMD:SW_Push_1P1T_XKB_TS-1187A,,Populate; verify ordering code
SW3,BOOT,,Button_Switch_SMD:SW_Push_1P1T_XKB_TS-1187A,,Populate; verify ordering code
U1,TPS63070RNMR,,TPS63070:TPS63070,https://www.ti.com/lit/gpn/tps63070,Populate; verify ordering code
U2,TPS63070RNMR,,TPS63070:TPS63070,https://www.ti.com/lit/gpn/tps63070,Populate; verify ordering code
U3,ESP32-S3-WROOM-1-N16,,Board:ESP32-S3-WROOM-1_Overhang,https://www.espressif.com/sites/default/files/documentation/esp32-s3-wroom-1_wroom-1u_datasheet_en.pdf,Populate; verify ordering code
U4,USBLC6-2SC6,,Package_TO_SOT_SMD:SOT-23-6,https://www.st.com/resource/en/datasheet/usblc6-2.pdf,Populate; verify ordering code
U5,RV-3028-C7,,Package_SON:MicroCrystal_C7_SON-8_1.5x3.2mm_P0.9mm,https://www.microcrystal.com/fileadmin/Media/Products/RTC/Datasheet/RV-3028-C7.pdf,Populate; verify ordering code
U6,MAX98357A,,Package_DFN_QFN:TQFN-16-1EP_3x3mm_P0.5mm_EP1.23x1.23mm,https://www.analog.com/media/en/technical-documentation/data-sheets/MAX98357A-MAX98357B.pdf,Populate; verify ordering code
U7,SN74LVC2G66DCUR,,Package_SO:VSSOP-8_2.3x2mm_P0.5mm,https://www.ti.com/lit/ds/symlink/sn74lvc2g66.pdf,Populate; verify ordering code
U8,SN74LVC1T45DBVR,,Package_TO_SOT_SMD:SOT-23-6,https://www.ti.com/lit/ds/symlink/sn74lvc1t45.pdf,Populate; verify ordering code
